[{  "fields": {    "activated": true,     "name": "ExtJS"  },   "model": "geoprisma.ApplicationType",   "pk": 1}, {  "fields": {    "activated": true,     "name": "MapFishRecenter",    "classname": "geoprisma.core.widgets.mapfishrecenter.MapFishRecenter"  },   "model": "geoprisma.WidgetType",   "pk": 4}, {  "fields": {    "activated": true,     "name": "MeasureTool"  },   "model": "geoprisma.WidgetType",   "pk": 5}, {  "fields": {    "activated": true,     "name": "QueryonClick",    "classname": "geoprisma.core.widgets.queryonclick.QueryOnClick"  },   "model": "geoprisma.WidgetType",   "pk": 7}, {  "fields": {    "activated": true,     "name": "ResulTextGrid",    "classname": "geoprisma.core.widgets.resultextgrid.ResultExtGrid"  },   "model": "geoprisma.WidgetType",   "pk": 9}, {  "fields": {    "activated": true,     "name": "InitialView",    "classname": "geoprisma.core.widgets.initialview.InitialView"  },   "model": "geoprisma.WidgetType",   "pk": 11}, {  "fields": {    "activated": true,     "name": "ZoomSlider"  },   "model": "geoprisma.WidgetType",   "pk": 12}, {  "fields": {    "activated": true,     "name": "MousePosition"  },   "model": "geoprisma.WidgetType",   "pk": 13}, {  "fields": {    "activated": true,     "name": "GetMousePosition"  },   "model": "geoprisma.WidgetType",   "pk": 14}, {  "fields": {    "activated": true,     "name": "Scale"  },   "model": "geoprisma.WidgetType",   "pk": 15}, {  "fields": {    "activated": true,     "name": "EditFeature_Create",    "classname": "geoprisma.core.widgets.editfeature.EditFeature_Create",    "action": "create"  },   "model": "geoprisma.WidgetType",   "pk": 16}, {  "fields": {    "activated": true,     "name": "EditFeature_Update",    "classname": "geoprisma.core.widgets.editfeature.EditFeature_Update",    "action": "update"  },   "model": "geoprisma.WidgetType",   "pk": 17}, {  "fields": {    "activated": true,     "name": "EditFeature_Delete",    "classname": "geoprisma.core.widgets.editfeature.EditFeature_Delete",    "action": "delete"  },   "model": "geoprisma.WidgetType",   "pk": 18}, {  "fields": {    "activated": false,     "name": "FeaturePanel_Form"  },   "model": "geoprisma.WidgetType",   "pk": 19}, {  "fields": {    "activated": true,     "name": "FeaturePanel_Selector",    "classname": "geoprisma.core.widgets.featurepanel.FeaturePanel_Selector"  },   "model": "geoprisma.WidgetType",   "pk": 20}, {  "fields": {    "activated": false,     "name": "LegendPanel"  },   "model": "geoprisma.WidgetType",   "pk": 21}, {  "fields": {    "activated": true,     "name": "GeoExtToolbar"  },   "model": "geoprisma.WidgetType",   "pk": 22}, {  "fields": {    "activated": false,     "name": "Split"  },   "model": "geoprisma.WidgetType",   "pk": 24}, {  "fields": {    "activated": true,     "name": "Shortcut"  },   "model": "geoprisma.WidgetType",   "pk": 25}, {  "fields": {    "activated": false,     "name": "GeoExtUx_GeoNamesSearchCombo"  },   "model": "geoprisma.WidgetType",   "pk": 26}, {  "fields": {    "activated": true,     "name": "GeoExtUx_Redliningpanel"  },   "model": "geoprisma.WidgetType",   "pk": 27}, {  "fields": {    "activated": true,     "name": "GeoExtUx_ShortcutCombo"  },   "model": "geoprisma.WidgetType",   "pk": 30}, {  "fields": {    "activated": true,     "name": "GeoExtUx_ZoomTo"  },   "model": "geoprisma.WidgetType",   "pk": 31}, {  "fields": {    "activated": true,     "name": "HTWindow"  },   "model": "geoprisma.WidgetType",   "pk": 32}, {  "fields": {    "activated": true,     "name": "UnselectAll"  },   "model": "geoprisma.WidgetType",   "pk": 33}, {  "fields": {    "activated": true,     "name": "GeoExtPrintForm"  },   "model": "geoprisma.WidgetType",   "pk": 34}, {  "fields": {    "activated": true,     "name": "FileTreePanel"  },   "model": "geoprisma.WidgetType",   "pk": 35}, {  "fields": {    "activated": true,     "name": "GeoExtUx_LayerTreeBuilder"  },   "model": "geoprisma.WidgetType",   "pk": 36}, {  "fields": {    "activated": false,     "name": "MapPanel"  },   "model": "geoprisma.WidgetType",   "pk": 37}, {  "fields": {    "activated": false,     "name": "Layer"  },   "model": "geoprisma.WidgetType",   "pk": 38}, {  "fields": {    "activated": true,     "name": "QueryByRect"  },   "model": "geoprisma.WidgetType",   "pk": 39}, {  "fields": {    "activated": true,     "name": "FeaturePanel_AttributeForm"  },   "model": "geoprisma.WidgetType",   "pk": 40}, {  "fields": {    "activated": true,     "name": "FeaturePanel_CustomForm",    "classname": "geoprisma.core.widgets.featurepanel.FeaturePanel_CustomForm"  },   "model": "geoprisma.WidgetType",   "pk": 41}, {  "fields": {    "activated": true,     "name": "GeoExtUx_WMSBrowser"  },   "model": "geoprisma.WidgetType",   "pk": 42}, {  "fields": {    "activated": true,     "name": "VectorLayer"  },   "model": "geoprisma.WidgetType",   "pk": 43}, {  "fields": {    "activated": true,     "name": "ResultVectorLayer"  },   "model": "geoprisma.WidgetType",   "pk": 44}, {  "fields": {    "activated": true,     "name": "QueryOnClickWizard",    "classname": "geoprisma.core.widgets.queryonclickwizard.QueryOnClickWizard"  },   "model": "geoprisma.WidgetType",   "pk": 45}, {  "fields": {    "activated": true,     "name": "GeoExtUx_PrintPreview"  },   "model": "geoprisma.WidgetType",   "pk": 46}, {  "fields": {    "activated": true,     "name": "TemplatePopup",    "classname": "geoprisma.core.widgets.templatepopup.TemplatePopup"  },   "model": "geoprisma.WidgetType",   "pk": 48}, {  "fields": {    "activated": true,     "name": "Toggle",    "classname": "geoprisma.core.widgets.toggle.Toggle"  },   "model": "geoprisma.WidgetType",   "pk": 49}, {  "fields": {    "activated": true,     "name": "EditFeature_Split"  },   "model": "geoprisma.WidgetType",   "pk": 50}, {  "fields": {    "activated": true,     "name": "EditFeature_Drag",    "classname": "geoprisma.core.widgets.editfeature.EditFeature_Drag",    "action": "update"  },   "model": "geoprisma.WidgetType",   "pk": 51}, {  "fields": {    "activated": true,     "name": "EditFeature_Copy",    "classname": "geoprisma.core.widgets.editfeature.EditFeature_Copy",    "action": "create"  },   "model": "geoprisma.WidgetType",   "pk": 52}, {  "fields": {    "activated": true,     "name": "EditFeature_Confirm",    "classname": "geoprisma.core.widgets.editfeature.EditFeature_Confirm"  },   "model": "geoprisma.WidgetType",   "pk": 53}, {  "fields": {    "activated": true,     "name": "KeepActiveSession"  },   "model": "geoprisma.WidgetType",   "pk": 54}, {  "fields": {    "activated": true,     "name": "WMS"  },   "model": "geoprisma.ServiceType",   "pk": 1}, {  "fields": {    "activated": true,     "name": "TileCache"  },   "model": "geoprisma.ServiceType",   "pk": 2}, {  "fields": {    "activated": true,     "name": "FeatureServer"  },   "model": "geoprisma.ServiceType",   "pk": 3}, {  "fields": {    "activated": true,     "name": "GYMO"  },   "model": "geoprisma.ServiceType",   "pk": 4}, {  "fields": {    "activated": false,     "name": "Widget"  },   "model": "geoprisma.ServiceType",   "pk": 5}, {  "fields": {    "activated": false,     "name": "MapServer"  },   "model": "geoprisma.ServiceType",   "pk": 6}, {  "fields": {    "activated": true,     "name": "MapFishPrint"  },   "model": "geoprisma.ServiceType",   "pk": 7}, {  "fields": {    "activated": true,     "name": "File"  },   "model": "geoprisma.ServiceType",   "pk": 8}, {  "fields": {    "activated": true,     "name": "WFS"  },   "model": "geoprisma.ServiceType",   "pk": 9}, {  "fields": {    "activated": true,     "name": "HttpRequest"  },   "model": "geoprisma.ServiceType",   "pk": 10},{  "fields":{    "servicetype": 1,    "name": "isBaseLayer",    "value": "false"  },  "model": "geoprisma.DefaultLayerOption",  "pk": 1},{  "fields":{    "servicetype": 1,    "name": "singleTile",    "value": "true"  },  "model": "geoprisma.DefaultLayerOption",  "pk": 2},{  "fields":{    "servicetype": 1,    "name": "transparent",    "value": "true"  },  "model": "geoprisma.DefaultLayerOption",  "pk": 3},{  "fields":{    "servicetype": 2,    "name": "buffer",    "value": "0"  },  "model": "geoprisma.DefaultLayerOption",  "pk": 4},{  "fields":{    "servicetype": 3,    "name": "extractAttributes",    "value": "true"  },  "model": "geoprisma.DefaultLayerOption",  "pk": 5},{  "fields":{    "servicetype": 3,    "name": "visibility",    "value": "false"  },  "model": "geoprisma.DefaultLayerOption",  "pk": 6},{  "fields":{    "servicetype": 4,    "name": "isBaseLayer",    "value": "true"  },  "model": "geoprisma.DefaultLayerOption",  "pk": 7},{  "fields":{    "servicetype": 4,    "name": "sphericalMercator",    "value": "true"  },  "model": "geoprisma.DefaultLayerOption",  "pk": 8},{  "fields":{    "servicetype": 9,    "name": "extractAttributes",    "value": "true"  },  "model": "geoprisma.DefaultLayerOption",  "pk": 9},{  "fields":{    "servicetype": 9,    "name": "visibility",    "value": "false"  },  "model": "geoprisma.DefaultLayerOption",  "pk": 10},{  "model": "geoprisma.Widget",  "pk": 1,  "fields":{    "type": 5,    "name": "MeasureTool",    "commentaire": "Measure"  }},{  "model": "geoprisma.Widgetoption",  "pk": 1,  "fields":{    "widget": 1,    "name": "hectar",    "value": "false",    "order": 1  }},{  "model": "geoprisma.Widgetoption",  "pk": 2,  "fields":{    "widget": 1,    "name": "strokeColor",    "value": "CC3434",    "order": 2  }},{  "model": "geoprisma.Widgetoption",  "pk": 3,  "fields":{    "widget": 1,    "name": "showLastSegmentMeasure",    "value": "true",    "order": 3  }},{  "model": "geoprisma.Widgetoption",  "pk": 4,  "fields":{    "widget": 1,    "name": "tooltipAtCursor",    "value": "false",    "order": 4  }},{  "model": "geoprisma.Widget",  "pk": 2,  "fields":{    "type": 11,    "name": "InitialView_Z0",    "commentaire": "Initial view 0"  }},{  "model": "geoprisma.Widgetoption",  "pk": 5,  "fields":{    "widget": 2,    "name": "resourcefield",    "value": "id",    "order": 1  }},{  "model": "geoprisma.Widgetoption",  "pk": 6,  "fields":{    "widget": 2,    "name": "urlfield",    "value": "id",    "order": 2  }},{  "model": "geoprisma.Widgetoption",  "pk": 7,  "fields":{    "widget": 2,    "name": "maxZoom",    "value": "0",    "order": 3  }},{  "model": "geoprisma.Widgetoption",  "pk": 8,  "fields":{    "widget": 2,    "name": "haslayer",    "value": "false",    "order": 4  }},{  "model": "geoprisma.Widgetoption",  "pk": 9,  "fields":{    "widget": 2,    "name": "replaceZoomToMaxExtent",    "value": "true",    "order": 5  }},{  "model": "geoprisma.Widgetoption",  "pk": 10,  "fields":{    "widget": 2,    "name": "allowLayerToggling",    "value": "false",    "order": 6  }},{  "model": "geoprisma.Widgetoption",  "pk": 11,  "fields":{    "widget": 2,    "name": "defaultSRID",    "value": "EPSG:32187",    "order": 7  }},{  "model": "geoprisma.Widget",  "pk": 3,  "fields":{    "type": 36,    "name": "GeoExtUX_LayerTreeBuilder",    "commentaire": "Layer tree builder"  }},{  "model": "geoprisma.Widgetoption",  "pk": 12,  "fields":{    "widget": 3,    "name": "vectorLegendNodes",    "value": "false",    "order": 1  }},{  "model": "geoprisma.Widget",  "pk": 4,  "fields":{    "type": 12,    "name": "ZoomSliderTool",    "commentaire": "Zoom slider tool"  }},{  "model": "geoprisma.Widgetoption",  "pk": 13,  "fields":{    "widget": 4,    "name": "minValue",    "value": "0",    "order": 1  }},{  "model": "geoprisma.Widget",  "pk": 5,  "fields":{    "type": 27,    "name": "RedLiningPanel",    "commentaire": "Red lining panel without import and export"  }},{  "model": "geoprisma.Widgetoption",  "pk": 14,  "fields":{    "widget": 5,    "name": "title",    "value": "RedLining",    "order": 1  }},{  "model": "geoprisma.Widgetoption",  "pk": 15,  "fields":{    "widget": 5,    "name": "import",    "value": "false",    "order": 2  }},{  "model": "geoprisma.Widgetoption",  "pk": 16,  "fields":{    "widget": 5,    "name": "export",    "value": "false",    "order": 3  }},{  "model": "geoprisma.Widgetoption",  "pk": 17,  "fields":{    "widget": 5,    "name": "anchored",    "value": "false",    "order": 4  }},{  "model": "geoprisma.Widgetoption",  "pk": 18,  "fields":{    "widget": 5,    "name": "unpinnable",    "value": "false",    "order": 5  }},{  "model": "geoprisma.Widgetoption",  "pk": 19,  "fields":{    "widget": 5,    "name": "draggable",    "value": "true",    "order": 6  }},{  "model": "geoprisma.Widget",  "pk": 6,  "fields":{    "type": 22,    "name": "Toolbar",    "commentaire": "Toolbar"  }},{  "model": "geoprisma.Widgetoption",  "pk": 20,  "fields":{    "widget": 6,    "name": "widget",    "value": "1",    "order": 1  }},{  "model": "geoprisma.Widgetoption",  "pk": 21,  "fields":{    "widget": 6,    "name": "widget",    "value": "__separator__",    "order": 2  }},{  "model": "geoprisma.Widgetoption",  "pk": 22,  "fields":{    "widget": 6,    "name": "widget",    "value": "5",    "order": 3  }},{  "model": "geoprisma.Widgetoption",  "pk": 23,  "fields":{    "widget": 6,    "name": "id",    "value": "map-toolbar",    "order": 4  }},{  "model": "geoprisma.Widget",  "pk": 7,  "fields":{    "type": 20,    "name": "FPS_generic",    "commentaire": "Generic Feature panel selector"  }},{  "model": "geoprisma.Widget",  "pk": 8,  "fields":{    "type": 7,    "name": "QueryOnClick",    "commentaire": "Query on click"  }},{  "model": "geoprisma.Widgetoption",  "pk": 24,  "fields":{    "widget": 8,    "name": "noMarker",    "value": "true",    "order": 1  }},{  "model": "geoprisma.Widgetoption",  "pk": 25,  "fields":{    "widget": 8,    "name": "dropDownList",    "value": "false",    "order": 2  }},{  "model": "geoprisma.Widgetoption",  "pk": 26,  "fields":{    "widget": 8,    "name": "featurepanel",    "value": "7",    "order": 3  }}]